"Hizkuntza-gaitasuna adinaren arabera, udalerrika.   Euskal Herria, 2011 (%)",,,,,,
Lurraldea,adina,Urtea,Guztira ,Euskaldunak ,Ia Euskaldunak ,Erdaldunak 
AbadiÃ±o (B),2-14 urte,2011,100,82.84473,12.92074,4.23453
AbadiÃ±o (B),15-34 urte,2011,100,67.81545,21.28961,10.89494
AbadiÃ±o (B),35-64 urte,2011,100,40.45414,28.80191,30.74395
AbadiÃ±o (B),>64 urte,2011,100,44.98567,15.18625,39.82808
Abaltzisketa (G),2-14 urte,2011,100,94.64286,3.57143,1.78571
Abaltzisketa (G),15-34 urte,2011,100,96.2963,0,3.7037
Abaltzisketa (G),35-64 urte,2011,100,91.03448,4.82759,4.13793
Abaltzisketa (G),>64 urte,2011,100,100,0,0
Abanto-Zierbena (B),2-14 urte,2011,100,77.04377,18.99257,3.96367
Abanto-Zierbena (B),15-34 urte,2011,100,42.10041,38.32335,19.57623
Abanto-Zierbena (B),35-64 urte,2011,100,9.92726,32.69148,57.38126
Abanto-Zierbena (B),>64 urte,2011,100,1.0211,10.07488,88.90402
Aduna (G),2-14 urte,2011,100,94.59459,4.05405,1.35135
Aduna (G),15-34 urte,2011,100,91.07143,7.14286,1.78571
Aduna (G),35-64 urte,2011,100,78.45304,13.81215,7.73481
Aduna (G),>64 urte,2011,100,92.45283,0,7.54717
Agurain (A),2-14 urte,2011,100,80.97484,14.30818,4.71698
Agurain (A),15-34 urte,2011,100,43.27573,31.10443,25.61983
Agurain (A),35-64 urte,2011,100,12.92517,31.42857,55.64626
Agurain (A),>64 urte,2011,100,5.79937,9.24765,84.95298
Aia (G),2-14 urte,2011,100,89.92806,8.63309,1.43885
Aia (G),15-34 urte,2011,100,87.09016,5.7377,7.17213
Aia (G),35-64 urte,2011,100,85.45888,7.27056,7.27056
Aia (G),>64 urte,2011,100,95.34884,1.66113,2.99003
Aiara (A),2-14 urte,2011,100,76.25899,20.6235,3.11751
Aiara (A),15-34 urte,2011,100,51.31148,36.22951,12.45902
Aiara (A),35-64 urte,2011,100,13.77953,42.28346,43.93701
Aiara (A),>64 urte,2011,100,3.6036,11.93694,84.45946
Aizarnazabal (G),2-14 urte,2011,100,88.49558,5.30973,6.19469
Aizarnazabal (G),15-34 urte,2011,100,80.97561,5.85366,13.17073
Aizarnazabal (G),35-64 urte,2011,100,82.72425,11.96013,5.31561
Aizarnazabal (G),>64 urte,2011,100,95.29412,3.52941,1.17647
Ajangiz (B),2-14 urte,2011,100,92.72727,5.45455,1.81818
Ajangiz (B),15-34 urte,2011,100,88.29787,5.31915,6.38298
Ajangiz (B),35-64 urte,2011,100,86.69951,11.33005,1.97044
Ajangiz (B),>64 urte,2011,100,88.50575,2.29885,9.1954
Albiztur (G),2-14 urte,2011,100,97.22222,2.77778,0
Albiztur (G),15-34 urte,2011,100,94.44444,5.55556,0
Albiztur (G),35-64 urte,2011,100,87.39496,7.56303,5.04202
Albiztur (G),>64 urte,2011,100,96.07843,1.96078,1.96078
Alegia (G),2-14 urte,2011,100,84.86056,9.96016,5.17928
Alegia (G),15-34 urte,2011,100,76.04938,11.60494,12.34568
Alegia (G),35-64 urte,2011,100,74.07895,16.71053,9.21053
Alegia (G),>64 urte,2011,100,77.37705,6.88525,15.7377
Alkiza (G),2-14 urte,2011,100,95.3125,1.5625,3.125
Alkiza (G),15-34 urte,2011,100,87.5,6.25,6.25
Alkiza (G),35-64 urte,2011,100,84.35374,10.20408,5.44218
Alkiza (G),>64 urte,2011,100,93.61702,0,6.38298
Alonsotegi (B),2-14 urte,2011,100,76.15894,19.2053,4.63576
Alonsotegi (B),15-34 urte,2011,100,42.65403,38.23065,19.11532
Alonsotegi (B),35-64 urte,2011,100,9.10506,35.33074,55.5642
Alonsotegi (B),>64 urte,2011,100,3.44828,11.07078,85.48094
Altsasu (NG),5-14 urte,2011,100,90.64631,4.04808,5.30561
Altsasu (NG),15-34 urte,2011,100,43.04854,22.40424,29.73441
Altsasu (NG),35-64 urte,2011,100,13.07812,21.08994,64.7106
Altsasu (NG),>64 urte,2011,100,7.19196,8.8614,83.07517
Altzaga (G),2-14 urte,2011,100,93.75,0,6.25
Altzaga (G),15-34 urte,2011,100,92,0,8
Altzaga (G),35-64 urte,2011,100,75,17.10526,7.89474
Altzaga (G),>64 urte,2011,100,100,0,0
Altzo (G),2-14 urte,2011,100,92.30769,4.61538,3.07692
Altzo (G),15-34 urte,2011,100,92.5,3.75,3.75
Altzo (G),35-64 urte,2011,100,80.8642,11.7284,7.40741
Altzo (G),>64 urte,2011,100,89.18919,5.40541,5.40541
Amezketa (G),2-14 urte,2011,100,92.42424,2.27273,5.30303
Amezketa (G),15-34 urte,2011,100,90.47619,5.29101,4.2328
Amezketa (G),35-64 urte,2011,100,89.34625,3.87409,6.77966
Amezketa (G),>64 urte,2011,100,98.42105,1.05263,0.52632
Amoroto (B),2-14 urte,2011,100,100,0,0
Amoroto (B),15-34 urte,2011,100,89.61039,6.49351,3.8961
Amoroto (B),35-64 urte,2011,100,91.20879,4.94505,3.84615
Amoroto (B),>64 urte,2011,100,97.4026,1.2987,1.2987
Amurrio (A),2-14 urte,2011,100,76.15457,18.94439,4.90104
Amurrio (A),15-34 urte,2011,100,56.39676,28.01619,15.58704
Amurrio (A),35-64 urte,2011,100,11.86736,32.74433,55.38831
Amurrio (A),>64 urte,2011,100,5.91581,11.49033,82.59386
Andoain (G),2-14 urte,2011,100,89.87269,8.15972,1.96759
Andoain (G),15-34 urte,2011,100,68.24504,20.30186,11.45309
Andoain (G),35-64 urte,2011,100,38.34393,32.13745,29.51862
Andoain (G),>64 urte,2011,100,42.6465,13.38374,43.96975
Anoeta (G),2-14 urte,2011,100,89.25926,7.40741,3.33333
Anoeta (G),15-34 urte,2011,100,84.30913,7.72834,7.96253
Anoeta (G),35-64 urte,2011,100,62.94479,23.06748,13.98773
Anoeta (G),>64 urte,2011,100,56.47059,20,23.52941
Antsoain (NG),5-14 urte,2011,100,42.75844,15.18536,39.28351
Antsoain (NG),15-34 urte,2011,100,20.33153,11.95074,65.88092
Antsoain (NG),35-64 urte,2011,100,6.68478,13.11549,78.98298
Antsoain (NG),>64 urte,2011,100,2.39204,5.8224,87.69354
Antzuola (G),2-14 urte,2011,100,85.45455,12.36364,2.18182
Antzuola (G),15-34 urte,2011,100,82.28346,6.29921,11.41732
Antzuola (G),35-64 urte,2011,100,66.34304,19.63323,14.02373
Antzuola (G),>64 urte,2011,100,68.26667,2.66667,29.06667
Arakaldo (B),2-14 urte,2011,100,94.73684,5.26316,0
Arakaldo (B),15-34 urte,2011,100,55,30,15
Arakaldo (B),35-64 urte,2011,100,32.72727,27.27273,40
Arakaldo (B),>64 urte,2011,100,34.78261,26.08696,39.13043
Arama (G),2-14 urte,2011,100,94.28571,5.71429,0
Arama (G),15-34 urte,2011,100,91.42857,8.57143,0
Arama (G),35-64 urte,2011,100,79.54545,11.36364,9.09091
Arama (G),>64 urte,2011,100,88.57143,5.71429,5.71429
Aramaio (A),2-14 urte,2011,100,93.05556,4.62963,2.31481
Aramaio (A),15-34 urte,2011,100,89.63211,4.01338,6.35452
Aramaio (A),35-64 urte,2011,100,75.39342,16.88126,7.72532
Aramaio (A),>64 urte,2011,100,87.9562,4.74453,7.29927
Aranguren (NG),5-14 urte,2011,100,16.6396,9.41898,72.37586
Aranguren (NG),15-34 urte,2011,100,14.6119,8.88309,75.64019
Aranguren (NG),35-64 urte,2011,100,5.82453,7.22683,85.43246
Aranguren (NG),>64 urte,2011,100,0,10.18523,88.35291
Arantzazu (B),2-14 urte,2011,100,76.92308,7.69231,15.38462
Arantzazu (B),15-34 urte,2011,100,81.6092,8.04598,10.34483
Arantzazu (B),35-64 urte,2011,100,68.3871,23.22581,8.3871
Arantzazu (B),>64 urte,2011,100,86.66667,5,8.33333
Areatza (B),2-14 urte,2011,100,86.62791,11.04651,2.32558
Areatza (B),15-34 urte,2011,100,70.80292,14.59854,14.59854
Areatza (B),35-64 urte,2011,100,46.65392,32.50478,20.8413
Areatza (B),>64 urte,2011,100,57.07547,16.98113,25.9434
Aretxabaleta (G),2-14 urte,2011,100,87.86517,9.66292,2.47191
Aretxabaleta (G),15-34 urte,2011,100,78.30552,13.92811,7.76637
Aretxabaleta (G),35-64 urte,2011,100,51.28291,29.05698,19.66011
Aretxabaleta (G),>64 urte,2011,100,53.75324,14.49525,31.75151
ArmiÃ±on (A),2-14 urte,2011,100,40,44,16
ArmiÃ±on (A),15-34 urte,2011,100,21.62162,48.64865,29.72973
ArmiÃ±on (A),35-64 urte,2011,100,5.94059,30.69307,63.36634
ArmiÃ±on (A),>64 urte,2011,100,0,0,100
Arraia-Maeztu (A),2-14 urte,2011,100,71.42857,26.98413,1.5873
Arraia-Maeztu (A),15-34 urte,2011,100,50.35461,27.65957,21.98582
Arraia-Maeztu (A),35-64 urte,2011,100,13.62319,28.98551,57.3913
Arraia-Maeztu (A),>64 urte,2011,100,2.92398,4.67836,92.39766
Arrankudiaga (B),2-14 urte,2011,100,88.18898,9.44882,2.3622
Arrankudiaga (B),15-34 urte,2011,100,74.17582,15.38462,10.43956
Arrankudiaga (B),35-64 urte,2011,100,38.8412,34.97854,26.18026
Arrankudiaga (B),>64 urte,2011,100,52.43902,12.19512,35.36585
Arrasate (G),2-14 urte,2011,100,90.18753,7.50109,2.31138
Arrasate (G),15-34 urte,2011,100,73.95618,14.69616,11.34766
Arrasate (G),35-64 urte,2011,100,42.21095,31.90146,25.88759
Arrasate (G),>64 urte,2011,100,42.46575,14.71498,42.81927
Arratzu (B),2-14 urte,2011,100,94.73684,2.63158,2.63158
Arratzu (B),15-34 urte,2011,100,90.54054,5.40541,4.05405
Arratzu (B),35-64 urte,2011,100,82.28571,12,5.71429
Arratzu (B),>64 urte,2011,100,97.64706,0,2.35294
Arratzu-Ubarrundia (A),2-14 urte,2011,100,79.03226,16.93548,4.03226
Arratzu-Ubarrundia (A),15-34 urte,2011,100,55.97826,29.34783,14.67391
Arratzu-Ubarrundia (A),35-64 urte,2011,100,13.10861,25.65543,61.23596
Arratzu-Ubarrundia (A),>64 urte,2011,100,7.57576,9.09091,83.33333
Arrieta (B),2-14 urte,2011,100,87.01299,11.68831,1.2987
Arrieta (B),15-34 urte,2011,100,87.65432,7.40741,4.93827
Arrieta (B),35-64 urte,2011,100,64.15771,26.88172,8.96057
Arrieta (B),>64 urte,2011,100,93.06931,3.9604,2.9703
Arrigorriaga (B),2-14 urte,2011,100,83.31409,13.62587,3.06005
Arrigorriaga (B),15-34 urte,2011,100,48.07207,32.3964,19.53153
Arrigorriaga (B),35-64 urte,2011,100,16.47162,35.49345,48.03493
Arrigorriaga (B),>64 urte,2011,100,12.55014,15.98854,71.46132
Arteaga-Gaztelu-Elexabeitia (B),2-14 urte,2011,100,87.2549,9.80392,2.94118
Arteaga-Gaztelu-Elexabeitia (B),15-34 urte,2011,100,75.79618,12.10191,12.10191
Arteaga-Gaztelu-Elexabeitia (B),35-64 urte,2011,100,68.05556,18.33333,13.61111
Arteaga-Gaztelu-Elexabeitia (B),>64 urte,2011,100,84.74576,7.62712,7.62712
Artzentales (B),2-14 urte,2011,100,65.27778,25,9.72222
Artzentales (B),15-34 urte,2011,100,37.12575,22.75449,40.11976
Artzentales (B),35-64 urte,2011,100,10.02865,23.4957,66.47564
Artzentales (B),>64 urte,2011,100,2.04082,10.88435,87.07483
Artziniega (A),2-14 urte,2011,100,65.56017,29.46058,4.97925
Artziniega (A),15-34 urte,2011,100,50.42194,31.4346,18.14346
Artziniega (A),35-64 urte,2011,100,11.02941,36.02941,52.94118
Artziniega (A),>64 urte,2011,100,2.29008,4.58015,93.12977
Asparrena (A),2-14 urte,2011,100,81.86047,13.48837,4.65116
Asparrena (A),15-34 urte,2011,100,58.98876,15.73034,25.2809
Asparrena (A),35-64 urte,2011,100,16.21622,33.71943,50.06435
Asparrena (A),>64 urte,2011,100,6.88525,8.19672,84.91803
Asteasu (G),2-14 urte,2011,100,89.49416,8.94942,1.55642
Asteasu (G),15-34 urte,2011,100,80.06431,9.00322,10.93248
Asteasu (G),35-64 urte,2011,100,73.47561,16.46341,10.06098
Asteasu (G),>64 urte,2011,100,88.57143,1.42857,10
Astigarraga (G),2-14 urte,2011,100,85.60106,10.03963,4.35931
Astigarraga (G),15-34 urte,2011,100,70.76923,18.80342,10.42735
Astigarraga (G),35-64 urte,2011,100,46.82645,32.93387,20.23968
Astigarraga (G),>64 urte,2011,100,54.06872,9.40325,36.52803
Atarrabia (NG),5-14 urte,2011,100,33.17387,36.44712,26.1792
Atarrabia (NG),15-34 urte,2011,100,35.79422,10.13227,52.89736
Atarrabia (NG),35-64 urte,2011,100,7.00868,12.93514,78.49499
Atarrabia (NG),>64 urte,2011,100,3.66118,12.10738,84.23145
Ataun (G),2-14 urte,2011,100,91.56118,3.79747,4.64135
Ataun (G),15-34 urte,2011,100,83.42697,10.39326,6.17978
Ataun (G),35-64 urte,2011,100,82.71787,9.8966,7.38552
Ataun (G),>64 urte,2011,100,93.56725,2.04678,4.38596
Atxondo (B),2-14 urte,2011,100,90.44586,7.64331,1.91083
Atxondo (B),15-34 urte,2011,100,78.87324,12.67606,8.4507
Atxondo (B),35-64 urte,2011,100,48.40183,22.07002,29.52816
Atxondo (B),>64 urte,2011,100,62.72727,8.63636,28.63636
Aulesti (B),2-14 urte,2011,100,92.77108,4.81928,2.40964
Aulesti (B),15-34 urte,2011,100,93.69369,0.9009,5.40541
Aulesti (B),35-64 urte,2011,100,86.73835,5.73477,7.52688
Aulesti (B),>64 urte,2011,100,97.25275,0.54945,2.1978
Azkoien (NG),5-14 urte,2011,100,1.43237,2.64618,94.10943
Azkoien (NG),15-34 urte,2011,100,3.10843,4.49748,91.58757
Azkoien (NG),35-64 urte,2011,100,2.05868,5.16704,92.29382
Azkoien (NG),>64 urte,2011,100,0.58832,2.4016,97.01007
Azkoitia (G),2-14 urte,2011,100,87.96707,8.04307,3.98987
Azkoitia (G),15-34 urte,2011,100,76.7029,10.32609,12.97101
Azkoitia (G),35-64 urte,2011,100,68.73702,17.36602,13.89697
Azkoitia (G),>64 urte,2011,100,74.81875,9.76317,15.41808
Azpeitia (G),2-14 urte,2011,100,89.51899,6.37975,4.10127
Azpeitia (G),15-34 urte,2011,100,84.80976,5.7508,9.43944
Azpeitia (G),35-64 urte,2011,100,81.37111,10.55203,8.07686
Azpeitia (G),>64 urte,2011,100,82.98046,5.98534,11.0342
AÃ±ana (A),2-14 urte,2011,100,70,10,20
AÃ±ana (A),15-34 urte,2011,100,40.90909,31.81818,27.27273
AÃ±ana (A),35-64 urte,2011,100,15.66265,20.48193,63.85542
AÃ±ana (A),>64 urte,2011,100,3.84615,9.61538,86.53846
Bakio (B),2-14 urte,2011,100,83.07692,12.92308,4
Bakio (B),15-34 urte,2011,100,65.5348,17.14771,17.31749
Bakio (B),35-64 urte,2011,100,48.41076,31.70334,19.8859
Bakio (B),>64 urte,2011,100,57.40741,11.37566,31.21693
Baliarrain (G),2-14 urte,2011,100,94.11765,0,5.88235
Baliarrain (G),15-34 urte,2011,100,96.77419,3.22581,0
Baliarrain (G),35-64 urte,2011,100,96.22642,0,3.77358
Baliarrain (G),>64 urte,2011,100,94.44444,0,5.55556
Balmaseda (B),2-14 urte,2011,100,74.08759,18.12652,7.78589
Balmaseda (B),15-34 urte,2011,100,41.07539,37.30599,21.61863
Balmaseda (B),35-64 urte,2011,100,8.64914,31.84597,59.50489
Balmaseda (B),>64 urte,2011,100,1.35048,11.18971,87.45981
Barakaldo (B),2-14 urte,2011,100,67.12131,26.1521,6.7266
Barakaldo (B),15-34 urte,2011,100,32.22523,41.27904,26.49573
Barakaldo (B),35-64 urte,2011,100,7.82378,31.05226,61.12397
Barakaldo (B),>64 urte,2011,100,1.31946,9.92332,88.75722
BaraÃ±ain (NG),5-14 urte,2011,100,23.66612,18.25596,54.30529
BaraÃ±ain (NG),15-34 urte,2011,100,19.79488,13.24517,64.44042
BaraÃ±ain (NG),35-64 urte,2011,100,6.41622,11.86305,80.689
BaraÃ±ain (NG),>64 urte,2011,100,2.96462,4.3778,90.24711
Barrika (B),2-14 urte,2011,100,78.94737,15.26316,5.78947
Barrika (B),15-34 urte,2011,100,60.47904,27.84431,11.67665
Barrika (B),35-64 urte,2011,100,27.84091,42.32955,29.82955
Barrika (B),>64 urte,2011,100,31.17409,21.86235,46.96356
Barrundia (A),2-14 urte,2011,100,88.19444,8.33333,3.47222
Barrundia (A),15-34 urte,2011,100,58.74126,27.97203,13.28671
Barrundia (A),35-64 urte,2011,100,18.04979,29.25311,52.6971
Barrundia (A),>64 urte,2011,100,7.0922,11.34752,81.56028
Basauri (B),2-14 urte,2011,100,77.72478,17.50537,4.76985
Basauri (B),15-34 urte,2011,100,40.49869,36.93499,22.56632
Basauri (B),35-64 urte,2011,100,11.02124,32.50297,56.47579
Basauri (B),>64 urte,2011,100,6.85133,12.73738,80.41129
Bastida (A),2-14 urte,2011,100,62.20096,24.88038,12.91866
Bastida (A),15-34 urte,2011,100,56.19048,22.85714,20.95238
Bastida (A),35-64 urte,2011,100,16.05114,33.38068,50.56818
Bastida (A),>64 urte,2011,100,9.09091,11.25541,79.65368
Baztan (NG),5-14 urte,2011,100,93.27368,3.48924,3.23708
Baztan (NG),15-34 urte,2011,100,84.13796,5.80505,7.31644
Baztan (NG),35-64 urte,2011,100,66.64401,18.75633,13.35424
Baztan (NG),>64 urte,2011,100,74.2924,15.66058,9.23877
Beasain (G),2-14 urte,2011,100,87.53463,8.14404,4.32133
Beasain (G),15-34 urte,2011,100,65.87989,15.05826,19.06185
Beasain (G),35-64 urte,2011,100,44.7858,29.62963,25.58457
Beasain (G),>64 urte,2011,100,43.89703,16.77763,39.32534
Bedia (B),2-14 urte,2011,100,87.09677,12.09677,0.80645
Bedia (B),15-34 urte,2011,100,67.64706,18.62745,13.72549
Bedia (B),35-64 urte,2011,100,45.72072,28.15315,26.12613
Bedia (B),>64 urte,2011,100,65.07937,7.40741,27.51323
Beizama (G),2-14 urte,2011,100,100,0,0
Beizama (G),15-34 urte,2011,100,81.81818,9.09091,9.09091
Beizama (G),35-64 urte,2011,100,92.85714,3.57143,3.57143
Beizama (G),>64 urte,2011,100,100,0,0
Belauntza (G),2-14 urte,2011,100,94.87179,0,5.12821
Belauntza (G),15-34 urte,2011,100,83.07692,4.61538,12.30769
Belauntza (G),35-64 urte,2011,100,70.80292,12.40876,16.78832
Belauntza (G),>64 urte,2011,100,86,10,4
Berango (B),2-14 urte,2011,100,70.18692,21.96262,7.85047
Berango (B),15-34 urte,2011,100,47.65319,35.98435,16.36245
Berango (B),35-64 urte,2011,100,22.12635,37.93529,39.93837
Berango (B),>64 urte,2011,100,21.80974,21.57773,56.61253
Berantevilla (A),2-14 urte,2011,100,56.60377,22.64151,20.75472
Berantevilla (A),15-34 urte,2011,100,21.73913,34.78261,43.47826
Berantevilla (A),35-64 urte,2011,100,8.13397,19.13876,72.72727
Berantevilla (A),>64 urte,2011,100,1.78571,8.92857,89.28571
Berastegi (G),2-14 urte,2011,100,93.33333,4.24242,2.42424
Berastegi (G),15-34 urte,2011,100,88.93617,5.95745,5.10638
Berastegi (G),35-64 urte,2011,100,82.48337,9.97783,7.5388
Berastegi (G),>64 urte,2011,100,96.20253,0.63291,3.16456
Bergara (G),2-14 urte,2011,100,90.01731,7.32833,2.65436
Bergara (G),15-34 urte,2011,100,77.91064,11.39081,10.69855
Bergara (G),35-64 urte,2011,100,56.59144,28.74708,14.66148
Bergara (G),>64 urte,2011,100,60.96257,14.7393,24.29813
Bermeo (B),2-14 urte,2011,100,89.41962,6.93374,3.64664
Bermeo (B),15-34 urte,2011,100,73.20413,13.72093,13.07494
Bermeo (B),35-64 urte,2011,100,65.80872,19.9133,14.27797
Bermeo (B),>64 urte,2011,100,77.56506,10.32007,12.11487
Bernedo (A),2-14 urte,2011,100,81.66667,15,3.33333
Bernedo (A),15-34 urte,2011,100,24.21053,42.10526,33.68421
Bernedo (A),35-64 urte,2011,100,13.28413,19.18819,67.52768
Bernedo (A),>64 urte,2011,100,2.66667,14.66667,82.66667
Berriatua (B),2-14 urte,2011,100,89.13043,7.97101,2.89855
Berriatua (B),15-34 urte,2011,100,69.81707,12.5,17.68293
Berriatua (B),35-64 urte,2011,100,84.05253,8.25516,7.69231
Berriatua (B),>64 urte,2011,100,90.61033,6.10329,3.28638
Berriobeiti (NG),5-14 urte,2011,100,40.10915,26.58558,27.16648
Berriobeiti (NG),15-34 urte,2011,100,15.79563,12.54649,69.63616
Berriobeiti (NG),35-64 urte,2011,100,8.31743,11.7252,77.84022
Berriobeiti (NG),>64 urte,2011,100,6.20902,5.53901,78.89068
Berriozar (NG),5-14 urte,2011,100,35.50385,23.62896,37.71746
Berriozar (NG),15-34 urte,2011,100,15.13547,11.66874,69.55658
Berriozar (NG),35-64 urte,2011,100,6.21954,10.81409,81.70525
Berriozar (NG),>64 urte,2011,100,6.12477,3.28507,88.34872
Berriz (B),2-14 urte,2011,100,82.91536,13.0094,4.07524
Berriz (B),15-34 urte,2011,100,63.04541,20.748,16.20659
Berriz (B),35-64 urte,2011,100,42.19409,27.3324,30.47351
Berriz (B),>64 urte,2011,100,49.51456,9.2233,41.26214
Berrobi (G),2-14 urte,2011,100,88.23529,10.29412,1.47059
Berrobi (G),15-34 urte,2011,100,80.26316,9.86842,9.86842
Berrobi (G),35-64 urte,2011,100,70.33898,17.37288,12.28814
Berrobi (G),>64 urte,2011,100,82.69231,3.84615,13.46154
Bidania-Goiatz (G),2-14 urte,2011,100,97.53086,0,2.46914
Bidania-Goiatz (G),15-34 urte,2011,100,84.0708,7.9646,7.9646
Bidania-Goiatz (G),35-64 urte,2011,100,83.54978,9.09091,7.35931
Bidania-Goiatz (G),>64 urte,2011,100,92.13483,3.37079,4.49438
Bilar (A),2-14 urte,2011,100,79.54545,18.18182,2.27273
Bilar (A),15-34 urte,2011,100,39.24051,27.8481,32.91139
Bilar (A),35-64 urte,2011,100,4.92958,14.78873,80.28169
Bilar (A),>64 urte,2011,100,1.20482,4.81928,93.9759
Bilbo (B),2-14 urte,2011,100,67.90794,24.82732,7.26474
Bilbo (B),15-34 urte,2011,100,36.64402,35.26851,28.08746
Bilbo (B),35-64 urte,2011,100,13.66863,32.29288,54.03849
Bilbo (B),>64 urte,2011,100,6.05113,14.52591,79.42295
Burgelu (A),2-14 urte,2011,100,68.31683,22.77228,8.91089
Burgelu (A),15-34 urte,2011,100,38.68613,35.0365,26.27737
Burgelu (A),35-64 urte,2011,100,11.67665,27.24551,61.07784
Burgelu (A),>64 urte,2011,100,0,14.28571,85.71429
Burlata (NG),5-14 urte,2011,100,40.57546,16.30873,39.48269
Burlata (NG),15-34 urte,2011,100,18.6239,13.48053,63.82096
Burlata (NG),35-64 urte,2011,100,6.42734,12.04352,79.00999
Burlata (NG),>64 urte,2011,100,5.18999,6.76509,86.44278
Busturia (B),2-14 urte,2011,100,89.18919,8.10811,2.7027
Busturia (B),15-34 urte,2011,100,73.00613,17.48466,9.5092
Busturia (B),35-64 urte,2011,100,54.99368,28.06574,16.94058
Busturia (B),>64 urte,2011,100,66.15385,16.66667,17.17949
Cintruenigo (NG),5-14 urte,2011,100,4.06575,17.53688,75.16615
Cintruenigo (NG),15-34 urte,2011,100,1.9144,2.90644,94.47145
Cintruenigo (NG),35-64 urte,2011,100,0.21203,4.95764,93.13945
Cintruenigo (NG),>64 urte,2011,100,0.40932,1.27891,94.72472
Corella (NG),5-14 urte,2011,100,0.75689,3.00723,92.34524
Corella (NG),15-34 urte,2011,100,2.598,0.8985,94.75315
Corella (NG),35-64 urte,2011,100,0.80288,5.8885,92.18337
Corella (NG),>64 urte,2011,100,0,2.03185,94.22658
Deba (G),2-14 urte,2011,100,91.65425,6.70641,1.63934
Deba (G),15-34 urte,2011,100,85.04595,5.68087,9.27318
Deba (G),35-64 urte,2011,100,66.08839,22.22222,11.68938
Deba (G),>64 urte,2011,100,72.36982,8.39532,19.23486
Derio (B),2-14 urte,2011,100,80.50734,15.48732,4.00534
Derio (B),15-34 urte,2011,100,46.71937,35.57312,17.70751
Derio (B),35-64 urte,2011,100,18.9313,35.57252,45.49618
Derio (B),>64 urte,2011,100,22.8231,16.04033,61.13657
Dima (B),2-14 urte,2011,100,96.08939,2.7933,1.11732
Dima (B),15-34 urte,2011,100,88.19188,7.01107,4.79705
Dima (B),35-64 urte,2011,100,74.47154,14.47154,11.05691
Dima (B),>64 urte,2011,100,86.22047,6.29921,7.48031
Donemiliaga (A),2-14 urte,2011,100,83.52941,15.29412,1.17647
Donemiliaga (A),15-34 urte,2011,100,54.41176,31.61765,13.97059
Donemiliaga (A),35-64 urte,2011,100,14.57726,23.32362,62.09913
Donemiliaga (A),>64 urte,2011,100,5.88235,5.88235,88.23529
Donostia (G),2-14 urte,2011,100,81.17688,14.5135,4.30962
Donostia (G),15-34 urte,2011,100,58.02983,23.27806,18.69211
Donostia (G),35-64 urte,2011,100,29.17611,37.28258,33.54132
Donostia (G),>64 urte,2011,100,24.56654,23.06838,52.36508
Dulantzi (A),2-14 urte,2011,100,72.87823,20.84871,6.27306
Dulantzi (A),15-34 urte,2011,100,39.03134,32.76353,28.20513
Dulantzi (A),35-64 urte,2011,100,14.60177,36.50442,48.89381
Dulantzi (A),>64 urte,2011,100,5.68182,6.81818,87.5
Durango (B),2-14 urte,2011,100,82.51748,14.47811,3.0044
Durango (B),15-34 urte,2011,100,61.92531,21.93126,16.14343
Durango (B),35-64 urte,2011,100,36.80523,34.84353,28.35124
Durango (B),>64 urte,2011,100,35.42163,21.98136,42.59701
Ea (B),2-14 urte,2011,100,77.33333,9.33333,13.33333
Ea (B),15-34 urte,2011,100,89.0411,6.16438,4.79452
Ea (B),35-64 urte,2011,100,74.76636,15.88785,9.34579
Ea (B),>64 urte,2011,100,75.96154,12.5,11.53846
Egues (NG),5-14 urte,2011,100,16.5487,15.94066,63.01954
Egues (NG),15-34 urte,2011,100,13.05575,9.53368,75.26573
Egues (NG),35-64 urte,2011,100,5.85933,10.32023,81.43691
Egues (NG),>64 urte,2011,100,11.90458,4.59208,75.05287
Eibar (G),2-14 urte,2011,100,87.54411,9.49188,2.96401
Eibar (G),15-34 urte,2011,100,67.75546,17.99127,14.25328
Eibar (G),35-64 urte,2011,100,37.83715,34.52078,27.64207
Eibar (G),>64 urte,2011,100,44.50886,13.89694,41.5942
Ekora (A),2-14 urte,2011,100,44.82759,31.03448,24.13793
Ekora (A),15-34 urte,2011,100,29.31034,29.31034,41.37931
Ekora (A),35-64 urte,2011,100,5.34351,19.84733,74.80916
Ekora (A),>64 urte,2011,100,2.85714,4.28571,92.85714
Elantxobe (B),2-14 urte,2011,100,95.83333,4.16667,0
Elantxobe (B),15-34 urte,2011,100,89.74359,8.97436,1.28205
Elantxobe (B),35-64 urte,2011,100,82.02247,11.79775,6.17978
Elantxobe (B),>64 urte,2011,100,90.98361,5.7377,3.27869
Elduain (G),2-14 urte,2011,100,100,0,0
Elduain (G),15-34 urte,2011,100,92,4,4
Elduain (G),35-64 urte,2011,100,85.84071,8.84956,5.30973
Elduain (G),>64 urte,2011,100,97.77778,2.22222,0
Elgeta (G),2-14 urte,2011,100,88,8,4
Elgeta (G),15-34 urte,2011,100,81.46718,7.72201,10.81081
Elgeta (G),35-64 urte,2011,100,71.85629,16.96607,11.17764
Elgeta (G),>64 urte,2011,100,83.95722,8.55615,7.48663
Elgoibar (G),2-14 urte,2011,100,86.94656,9.54198,3.51145
Elgoibar (G),15-34 urte,2011,100,69.42519,15.93967,14.63514
Elgoibar (G),35-64 urte,2011,100,47.4835,32.59076,19.92574
Elgoibar (G),>64 urte,2011,100,52.02438,14.49717,33.47845
Elorrio (B),2-14 urte,2011,100,89.22018,8.60092,2.1789
Elorrio (B),15-34 urte,2011,100,77.35257,12.92346,9.72396
Elorrio (B),35-64 urte,2011,100,51.21107,29.44322,19.34571
Elorrio (B),>64 urte,2011,100,49.04372,13.38798,37.56831
Elortz (NG),5-14 urte,2011,100,16.91701,34.34314,46.66575
Elortz (NG),15-34 urte,2011,100,9.87906,11.31061,76.73808
Elortz (NG),35-64 urte,2011,100,4.74115,9.83867,84.332
Elortz (NG),>64 urte,2011,100,1.34901,4.81556,90.94619
Eltziego (A),2-14 urte,2011,100,60.5042,31.93277,7.56303
Eltziego (A),15-34 urte,2011,100,38.66667,32.88889,28.44444
Eltziego (A),35-64 urte,2011,100,8.18966,18.96552,72.84483
Eltziego (A),>64 urte,2011,100,4.78261,6.95652,88.26087
Erandio (B),2-14 urte,2011,100,70.56422,24.12769,5.30809
Erandio (B),15-34 urte,2011,100,36.39384,36.28891,27.31724
Erandio (B),35-64 urte,2011,100,11.33618,32.46608,56.19773
Erandio (B),>64 urte,2011,100,11.81158,13.10054,75.08788
EreÃ±o (B),2-14 urte,2011,100,85.71429,4.7619,9.52381
EreÃ±o (B),15-34 urte,2011,100,86,10,4
EreÃ±o (B),35-64 urte,2011,100,77.6,16,6.4
EreÃ±o (B),>64 urte,2011,100,97.14286,1.42857,1.42857
Ermua (B),2-14 urte,2011,100,70.66741,24.00449,5.3281
Ermua (B),15-34 urte,2011,100,52.03297,30.21978,17.74725
Ermua (B),35-64 urte,2011,100,15.3437,33.42881,51.2275
Ermua (B),>64 urte,2011,100,14.73515,12.00642,73.25843
Errenteria (G),2-14 urte,2011,100,84.52058,12.47128,3.00815
Errenteria (G),15-34 urte,2011,100,53.73382,29.01579,17.25039
Errenteria (G),35-64 urte,2011,100,23.79193,36.48096,39.72712
Errenteria (G),>64 urte,2011,100,23.07692,16.64264,60.28044
Errezil (G),2-14 urte,2011,100,88.88889,7.77778,3.33333
Errezil (G),15-34 urte,2011,100,89.76378,5.51181,4.72441
Errezil (G),35-64 urte,2011,100,85.97122,3.95683,10.07194
Errezil (G),>64 urte,2011,100,98.09524,0.95238,0.95238
Erriberabeitia (A),2-14 urte,2011,100,50.22422,32.287,17.48879
Erriberabeitia (A),15-34 urte,2011,100,34.38486,32.80757,32.80757
Erriberabeitia (A),35-64 urte,2011,100,12.97376,28.13411,58.89213
Erriberabeitia (A),>64 urte,2011,100,4.34783,4.96894,90.68323
Erriberagoitia (A),2-14 urte,2011,100,57,36,7
Erriberagoitia (A),15-34 urte,2011,100,29.93631,45.85987,24.20382
Erriberagoitia (A),35-64 urte,2011,100,8.23529,32,59.76471
Erriberagoitia (A),>64 urte,2011,100,1.21951,12.19512,86.58537
Errigoiti (B),2-14 urte,2011,100,95.2381,2.38095,2.38095
Errigoiti (B),15-34 urte,2011,100,89.58333,7.29167,3.125
Errigoiti (B),35-64 urte,2011,100,75.39062,13.67188,10.9375
Errigoiti (B),>64 urte,2011,100,89.76378,1.5748,8.66142
Eskoriatza (G),2-14 urte,2011,100,92.84369,6.40301,0.7533
Eskoriatza (G),15-34 urte,2011,100,74.30233,14.76744,10.93023
Eskoriatza (G),35-64 urte,2011,100,44.63124,31.12798,24.24078
Eskoriatza (G),>64 urte,2011,100,51.20567,11.20567,37.58865
Etxebarri (B),2-14 urte,2011,100,73.69165,22.41867,3.88967
Etxebarri (B),15-34 urte,2011,100,36.72484,42.10917,21.16599
Etxebarri (B),35-64 urte,2011,100,10.77596,35.62842,53.59563
Etxebarri (B),>64 urte,2011,100,5.36028,13.18102,81.4587
Ezkio-Itsaso (G),2-14 urte,2011,100,95.65217,2.89855,1.44928
Ezkio-Itsaso (G),15-34 urte,2011,100,86.84211,7.89474,5.26316
Ezkio-Itsaso (G),35-64 urte,2011,100,77.01149,13.40996,9.57854
Ezkio-Itsaso (G),>64 urte,2011,100,90.43478,3.47826,6.08696
Forua (B),2-14 urte,2011,100,91.74312,7.33945,0.91743
Forua (B),15-34 urte,2011,100,81.72589,9.64467,8.62944
Forua (B),35-64 urte,2011,100,69.02655,19.46903,11.50442
Forua (B),>64 urte,2011,100,77.12766,8.51064,14.3617
Fruiz (B),2-14 urte,2011,100,83.09859,14.08451,2.8169
Fruiz (B),15-34 urte,2011,100,72.54902,8.82353,18.62745
Fruiz (B),35-64 urte,2011,100,67.09402,22.22222,10.68376
Fruiz (B),>64 urte,2011,100,91.20879,4.3956,4.3956
Gabiria (G),2-14 urte,2011,100,97.4359,2.5641,0
Gabiria (G),15-34 urte,2011,100,88.49558,2.65487,8.84956
Gabiria (G),35-64 urte,2011,100,83.73206,8.13397,8.13397
Gabiria (G),>64 urte,2011,100,88.29787,5.31915,6.38298
Gaintza (G),2-14 urte,2011,100,85.71429,14.28571,0
Gaintza (G),15-34 urte,2011,100,95.45455,0,4.54545
Gaintza (G),35-64 urte,2011,100,91.37931,1.72414,6.89655
Gaintza (G),>64 urte,2011,100,96,0,4
Galdakao (B),2-14 urte,2011,100,86.89441,10.62112,2.48447
Galdakao (B),15-34 urte,2011,100,54.73576,30.49334,14.7709
Galdakao (B),35-64 urte,2011,100,23.52682,32.10476,44.36842
Galdakao (B),>64 urte,2011,100,27.78716,14.97044,57.2424
Galdames (B),2-14 urte,2011,100,76.47059,20.58824,2.94118
Galdames (B),15-34 urte,2011,100,45.69536,32.45033,21.8543
Galdames (B),35-64 urte,2011,100,13.61502,26.99531,59.38967
Galdames (B),>64 urte,2011,100,1.63043,15.21739,83.15217
Gamiz-Fika (B),2-14 urte,2011,100,83.33333,13.58025,3.08642
Gamiz-Fika (B),15-34 urte,2011,100,83.98438,7.8125,8.20312
Gamiz-Fika (B),35-64 urte,2011,100,63.41829,23.83808,12.74363
Gamiz-Fika (B),>64 urte,2011,100,81.73913,6.52174,11.73913
Garai (B),2-14 urte,2011,100,89.79592,8.16327,2.04082
Garai (B),15-34 urte,2011,100,82.45614,7.01754,10.52632
Garai (B),35-64 urte,2011,100,73.09942,19.29825,7.60234
Garai (B),>64 urte,2011,100,91.48936,4.25532,4.25532
Gasteiz (A),2-14 urte,2011,100,65.64657,27.23922,7.11421
Gasteiz (A),15-34 urte,2011,100,34.10701,34.79005,31.10294
Gasteiz (A),35-64 urte,2011,100,11.66223,27.42069,60.91707
Gasteiz (A),>64 urte,2011,100,3.87102,9.39858,86.73041
Gatika (B),2-14 urte,2011,100,84.10042,13.80753,2.09205
Gatika (B),15-34 urte,2011,100,82.35294,13.62229,4.02477
Gatika (B),35-64 urte,2011,100,61.93634,24.66844,13.39523
Gatika (B),>64 urte,2011,100,72.09302,9.30233,18.60465
Gautegiz-Arteaga (B),2-14 urte,2011,100,90.09009,6.30631,3.6036
Gautegiz-Arteaga (B),15-34 urte,2011,100,83.59788,10.05291,6.34921
Gautegiz-Arteaga (B),35-64 urte,2011,100,72.42991,19.39252,8.17757
Gautegiz-Arteaga (B),>64 urte,2011,100,81.13208,13.83648,5.03145
Gaztelu (G),2-14 urte,2011,100,100,0,0
Gaztelu (G),15-34 urte,2011,100,96.55172,0,3.44828
Gaztelu (G),35-64 urte,2011,100,88.23529,7.05882,4.70588
Gaztelu (G),>64 urte,2011,100,96.66667,0,3.33333
Gernika-Lumo (B),2-14 urte,2011,100,87.26804,8.71134,4.02062
Gernika-Lumo (B),15-34 urte,2011,100,71.72855,10.42254,17.84891
Gernika-Lumo (B),35-64 urte,2011,100,60.51378,22.02338,17.46284
Gernika-Lumo (B),>64 urte,2011,100,65.84249,14.31624,19.84127
Getaria (G),2-14 urte,2011,100,92.01183,6.50888,1.47929
Getaria (G),15-34 urte,2011,100,81.3099,6.07029,12.61981
Getaria (G),35-64 urte,2011,100,86.63793,8.01724,5.34483
Getaria (G),>64 urte,2011,100,91.31403,4.89978,3.78619
Getxo (B),2-14 urte,2011,100,63.01051,27.91367,9.07582
Getxo (B),15-34 urte,2011,100,44.38934,35.07782,20.53284
Getxo (B),35-64 urte,2011,100,17.27339,35.23253,47.49407
Getxo (B),>64 urte,2011,100,9.69714,21.52325,68.77962
Gizaburuaga (B),2-14 urte,2011,100,89.28571,10.71429,0
Gizaburuaga (B),15-34 urte,2011,100,93.18182,2.27273,4.54545
Gizaburuaga (B),35-64 urte,2011,100,87.5,6.81818,5.68182
Gizaburuaga (B),>64 urte,2011,100,94.44444,5.55556,0
Gobiaran (A),2-14 urte,2011,100,59.30233,33.72093,6.97674
Gobiaran (A),15-34 urte,2011,100,38.46154,32.69231,28.84615
Gobiaran (A),35-64 urte,2011,100,9.55882,27.38971,63.05147
Gobiaran (A),>64 urte,2011,100,2.61438,7.51634,89.86928
Gordexola (B),2-14 urte,2011,100,80,16.66667,3.33333
Gordexola (B),15-34 urte,2011,100,42.45283,37.42138,20.12579
Gordexola (B),35-64 urte,2011,100,14.60957,37.2796,48.11083
Gordexola (B),>64 urte,2011,100,4.91803,10.38251,84.69945
Gorliz (B),2-14 urte,2011,100,80.32379,15.44209,4.23412
Gorliz (B),15-34 urte,2011,100,60.56091,25.06573,14.37336
Gorliz (B),35-64 urte,2011,100,24.90552,42.74376,32.35072
Gorliz (B),>64 urte,2011,100,18.44784,33.71501,47.83715
Guardia (Biastari) (A),2-14 urte,2011,100,58.47953,25.73099,15.78947
Guardia (Biastari) (A),15-34 urte,2011,100,50.13699,27.94521,21.91781
Guardia (Biastari) (A),35-64 urte,2011,100,13.0854,26.99725,59.91736
Guardia (Biastari) (A),>64 urte,2011,100,3,9.66667,87.33333
GueÃ±es (B),2-14 urte,2011,100,77.8481,16.58228,5.56962
GueÃ±es (B),15-34 urte,2011,100,41.20533,37.70147,21.0932
GueÃ±es (B),35-64 urte,2011,100,10.20191,34.57315,55.22494
GueÃ±es (B),>64 urte,2011,100,0.83612,9.78261,89.38127
Harana (A),2-14 urte,2011,100,86.66667,0,13.33333
Harana (A),15-34 urte,2011,100,47.05882,29.41176,23.52941
Harana (A),35-64 urte,2011,100,7.40741,16.2963,76.2963
Harana (A),>64 urte,2011,100,0.98039,3.92157,95.09804
Hernani (G),2-14 urte,2011,100,89.67155,7.5188,2.80966
Hernani (G),15-34 urte,2011,100,71.45571,16.26692,12.27737
Hernani (G),35-64 urte,2011,100,46.5058,31.53881,21.95538
Hernani (G),>64 urte,2011,100,43.88086,15.954,40.16514
Hernialde (G),2-14 urte,2011,100,94.11765,5.88235,0
Hernialde (G),15-34 urte,2011,100,84.14634,6.09756,9.7561
Hernialde (G),35-64 urte,2011,100,78.31325,14.45783,7.22892
Hernialde (G),>64 urte,2011,100,77.08333,10.41667,12.5
Hondarribia (G),2-14 urte,2011,100,82.43728,11.51434,6.04839
Hondarribia (G),15-34 urte,2011,100,73.04273,14.3103,12.64697
Hondarribia (G),35-64 urte,2011,100,49.1905,31.43551,19.37399
Hondarribia (G),>64 urte,2011,100,54.48695,20.09296,25.42009
Ibarra (G),2-14 urte,2011,100,89.4636,6.51341,4.02299
Ibarra (G),15-34 urte,2011,100,81.72691,9.93976,8.33333
Ibarra (G),35-64 urte,2011,100,54.82833,24.57082,20.60086
Ibarra (G),>64 urte,2011,100,51.1855,7.39191,41.42259
Ibarrangelu (B),2-14 urte,2011,100,91.07143,8.92857,0
Ibarrangelu (B),15-34 urte,2011,100,85.98131,8.41121,5.60748
Ibarrangelu (B),35-64 urte,2011,100,71.00977,20.52117,8.46906
Ibarrangelu (B),>64 urte,2011,100,83.44371,8.60927,7.94702
Idiazabal (G),2-14 urte,2011,100,88.33333,7.66667,4
Idiazabal (G),15-34 urte,2011,100,85.89981,5.93692,8.16327
Idiazabal (G),35-64 urte,2011,100,79.48443,12.67454,7.84103
Idiazabal (G),>64 urte,2011,100,82.00456,4.55581,13.43964
Igorre (B),2-14 urte,2011,100,89.95633,6.55022,3.49345
Igorre (B),15-34 urte,2011,100,74.95327,10.09346,14.95327
Igorre (B),35-64 urte,2011,100,58.00958,21.92656,20.06386
Igorre (B),>64 urte,2011,100,70.19231,5.60897,24.19872
Ikaztegieta (G),2-14 urte,2011,100,87.69231,6.15385,6.15385
Ikaztegieta (G),15-34 urte,2011,100,81.4433,12.37113,6.18557
Ikaztegieta (G),35-64 urte,2011,100,70.42254,16.90141,12.67606
Ikaztegieta (G),>64 urte,2011,100,93.33333,2.66667,4
Irun (G),2-14 urte,2011,100,78.39398,15.76474,5.84128
Irun (G),15-34 urte,2011,100,51.39494,27.70997,20.89509
Irun (G),35-64 urte,2011,100,21.88045,35.27649,42.84306
Irun (G),>64 urte,2011,100,20.68441,17.1673,62.14829
Irura (G),2-14 urte,2011,100,88,8.36364,3.63636
Irura (G),15-34 urte,2011,100,80.28504,12.11401,7.60095
Irura (G),35-64 urte,2011,100,62.14605,24.7392,13.11475
Irura (G),>64 urte,2011,100,71.22302,12.94964,15.82734
Iruraitz-Gauna (A),2-14 urte,2011,100,77.77778,18.51852,3.7037
Iruraitz-Gauna (A),15-34 urte,2011,100,40.21739,41.30435,18.47826
Iruraitz-Gauna (A),35-64 urte,2011,100,16.37631,23.34495,60.27875
Iruraitz-Gauna (A),>64 urte,2011,100,2,13,85
IruÃ±a Oka (A),2-14 urte,2011,100,68.45494,22.96137,8.58369
IruÃ±a Oka (A),15-34 urte,2011,100,33.78378,38.91892,27.2973
IruÃ±a Oka (A),35-64 urte,2011,100,8.2257,35.89395,55.88035
IruÃ±a Oka (A),>64 urte,2011,100,1.2987,9.41558,89.28571
IruÃ±ea (NG),5-14 urte,2011,100,31.50081,14.29399,52.70636
IruÃ±ea (NG),15-34 urte,2011,100,15.15354,9.73418,73.06068
IruÃ±ea (NG),35-64 urte,2011,100,7.88781,13.34109,76.96491
IruÃ±ea (NG),>64 urte,2011,100,3.79572,7.78476,86.77368
Ispaster (B),2-14 urte,2011,100,82.35294,11.76471,5.88235
Ispaster (B),15-34 urte,2011,100,85.92593,5.18519,8.88889
Ispaster (B),35-64 urte,2011,100,86.7284,7.40741,5.8642
Ispaster (B),>64 urte,2011,100,92.4812,4.51128,3.00752
Itsasondo (G),2-14 urte,2011,100,93.93939,5.05051,1.0101
Itsasondo (G),15-34 urte,2011,100,76.42857,16.42857,7.14286
Itsasondo (G),35-64 urte,2011,100,64.85507,22.46377,12.68116
Itsasondo (G),>64 urte,2011,100,77.04918,9.01639,13.93443
Iurreta (B),2-14 urte,2011,100,82.47423,12.62887,4.89691
Iurreta (B),15-34 urte,2011,100,55.97417,25.18837,18.83746
Iurreta (B),35-64 urte,2011,100,36.49547,27.85498,35.64955
Iurreta (B),>64 urte,2011,100,44.91979,11.76471,43.31551
Izurtza (B),2-14 urte,2011,100,70,15,15
Izurtza (B),15-34 urte,2011,100,73.11828,7.52688,19.35484
Izurtza (B),35-64 urte,2011,100,71.90083,23.1405,4.95868
Izurtza (B),>64 urte,2011,100,80.85106,0,19.14894
Kanpezu (A),2-14 urte,2011,100,76.92308,16.23932,6.83761
Kanpezu (A),15-34 urte,2011,100,54.54545,24.54545,20.90909
Kanpezu (A),35-64 urte,2011,100,11.2426,30.17751,58.57988
Kanpezu (A),>64 urte,2011,100,1.91571,8.04598,90.03831
Karrantza (B),2-14 urte,2011,100,81.77778,12.44444,5.77778
Karrantza (B),15-34 urte,2011,100,39.62264,38.93654,21.44082
Karrantza (B),35-64 urte,2011,100,7.51582,25.15823,67.32595
Karrantza (B),>64 urte,2011,100,1.9174,9.73451,88.34808
Kortezubi (B),2-14 urte,2011,100,100,0,0
Kortezubi (B),15-34 urte,2011,100,95.65217,2.17391,2.17391
Kortezubi (B),35-64 urte,2011,100,80.76923,14.28571,4.94505
Kortezubi (B),>64 urte,2011,100,94.25287,1.14943,4.5977
Kripan (A),2-14 urte,2011,100,76.66667,10,13.33333
Kripan (A),15-34 urte,2011,100,60.71429,28.57143,10.71429
Kripan (A),35-64 urte,2011,100,5.68182,20.45455,73.86364
Kripan (A),>64 urte,2011,100,0,4.34783,95.65217
Kuartango (A),2-14 urte,2011,100,83.33333,8.33333,8.33333
Kuartango (A),15-34 urte,2011,100,59.32203,25.42373,15.25424
Kuartango (A),35-64 urte,2011,100,10.05587,44.13408,45.81006
Kuartango (A),>64 urte,2011,100,1.33333,5.33333,93.33333
Lagran (A),2-14 urte,2011,100,66.66667,33.33333,0
Lagran (A),15-34 urte,2011,100,50,33.33333,16.66667
Lagran (A),35-64 urte,2011,100,3.61446,28.91566,67.46988
Lagran (A),>64 urte,2011,100,1.44928,8.69565,89.85507
Lanestosa (B),2-14 urte,2011,100,72.22222,16.66667,11.11111
Lanestosa (B),15-34 urte,2011,100,30.61224,28.57143,40.81633
Lanestosa (B),35-64 urte,2011,100,4.58015,25.19084,70.22901
Lanestosa (B),>64 urte,2011,100,2.77778,13.88889,83.33333
Lantaron (A),2-14 urte,2011,100,43.33333,30,26.66667
Lantaron (A),15-34 urte,2011,100,22.65193,37.01657,40.33149
Lantaron (A),35-64 urte,2011,100,7.95455,22.5,69.54545
Lantaron (A),>64 urte,2011,100,0.9434,3.30189,95.75472
Lantziego (A),2-14 urte,2011,100,59.7561,25.60976,14.63415
Lantziego (A),15-34 urte,2011,100,59.02778,18.05556,22.91667
Lantziego (A),35-64 urte,2011,100,10.30928,23.3677,66.32302
Lantziego (A),>64 urte,2011,100,0,11.90476,88.09524
Lapuebla de Labarca (A),2-14 urte,2011,100,64.58333,27.08333,8.33333
Lapuebla de Labarca (A),15-34 urte,2011,100,46.63212,25.90674,27.46114
Lapuebla de Labarca (A),35-64 urte,2011,100,11.93634,20.95491,67.10875
Lapuebla de Labarca (A),>64 urte,2011,100,1.1236,14.60674,84.26966
Larrabetzu (B),2-14 urte,2011,100,88.33922,8.83392,2.82686
Larrabetzu (B),15-34 urte,2011,100,77.12264,13.91509,8.96226
Larrabetzu (B),35-64 urte,2011,100,58.37209,26.39535,15.23256
Larrabetzu (B),>64 urte,2011,100,81.49254,5.37313,13.13433
Larraul (G),2-14 urte,2011,100,96.15385,3.84615,0
Larraul (G),15-34 urte,2011,100,88.37209,9.30233,2.32558
Larraul (G),35-64 urte,2011,100,77.58621,13.7931,8.62069
Larraul (G),>64 urte,2011,100,96.42857,0,3.57143
Lasarte-Oria (G),2-14 urte,2011,100,85.08103,11.48713,3.43184
Lasarte-Oria (G),15-34 urte,2011,100,54.66864,27.29736,18.034
Lasarte-Oria (G),35-64 urte,2011,100,27.66329,35.58137,36.75534
Lasarte-Oria (G),>64 urte,2011,100,24.59155,16.61972,58.78873
Laudio (A),2-14 urte,2011,100,79.38733,16.92627,3.6864
Laudio (A),15-34 urte,2011,100,53.94071,30.99542,15.06387
Laudio (A),35-64 urte,2011,100,13.9873,36.06157,49.95114
Laudio (A),>64 urte,2011,100,6.6251,13.22421,80.15069
Laukiz (B),2-14 urte,2011,100,74.57627,17.51412,7.9096
Laukiz (B),15-34 urte,2011,100,64.62882,24.45415,10.91703
Laukiz (B),35-64 urte,2011,100,39.92322,32.43762,27.63916
Laukiz (B),>64 urte,2011,100,45.12821,22.5641,32.30769
Lazkao (G),2-14 urte,2011,100,90.06803,6.66667,3.26531
Lazkao (G),15-34 urte,2011,100,77.46154,12.07692,10.46154
Lazkao (G),35-64 urte,2011,100,49.2085,28.94618,21.84532
Lazkao (G),>64 urte,2011,100,47.52252,9.57207,42.90541
Leaburu (G),2-14 urte,2011,100,86.66667,10,3.33333
Leaburu (G),15-34 urte,2011,100,82.45614,10.52632,7.01754
Leaburu (G),35-64 urte,2011,100,74.30168,15.0838,10.61453
Leaburu (G),>64 urte,2011,100,93.50649,3.8961,2.5974
Legazpi (G),2-14 urte,2011,100,91.29098,7.27459,1.43443
Legazpi (G),15-34 urte,2011,100,79.72376,12.43094,7.8453
Legazpi (G),35-64 urte,2011,100,42.87254,30.36917,26.75829
Legazpi (G),>64 urte,2011,100,46.06257,18.4466,35.49083
Legorreta (G),2-14 urte,2011,100,90.11628,4.65116,5.23256
Legorreta (G),15-34 urte,2011,100,73.40426,13.29787,13.29787
Legorreta (G),35-64 urte,2011,100,61.91248,25.60778,12.47974
Legorreta (G),>64 urte,2011,100,70.10309,8.59107,21.30584
Legutiano (A),2-14 urte,2011,100,76.14213,16.75127,7.1066
Legutiano (A),15-34 urte,2011,100,56.67506,26.95214,16.3728
Legutiano (A),35-64 urte,2011,100,24.02827,33.33333,42.6384
Legutiano (A),>64 urte,2011,100,27.44186,13.02326,59.53488
Leintz Gatzaga (G),2-14 urte,2011,100,84.84848,6.06061,9.09091
Leintz Gatzaga (G),15-34 urte,2011,100,76.59574,10.6383,12.76596
Leintz Gatzaga (G),35-64 urte,2011,100,71.65354,18.11024,10.23622
Leintz Gatzaga (G),>64 urte,2011,100,91.66667,2.08333,6.25
Leioa (B),2-14 urte,2011,100,71.59062,23.64507,4.76431
Leioa (B),15-34 urte,2011,100,43.89511,36.34253,19.76236
Leioa (B),35-64 urte,2011,100,15.5313,35.65606,48.81265
Leioa (B),>64 urte,2011,100,11.28756,18.12851,70.58392
Lekeitio (B),2-14 urte,2011,100,90.78341,5.99078,3.22581
Lekeitio (B),15-34 urte,2011,100,80.2302,8.73392,11.03588
Lekeitio (B),35-64 urte,2011,100,76.96094,13.65734,9.38173
Lekeitio (B),>64 urte,2011,100,82.2195,9.07419,8.70632
Lemoa (B),2-14 urte,2011,100,82.02532,12.1519,5.82278
Lemoa (B),15-34 urte,2011,100,61.72301,22.57361,15.70338
Lemoa (B),35-64 urte,2011,100,40.92478,32.91925,26.15597
Lemoa (B),>64 urte,2011,100,61.53846,12.06294,26.3986
Lemoiz (B),2-14 urte,2011,100,82.63889,12.5,4.86111
Lemoiz (B),15-34 urte,2011,100,74.5614,17.10526,8.33333
Lemoiz (B),35-64 urte,2011,100,42.11618,35.06224,22.82158
Lemoiz (B),>64 urte,2011,100,59.47368,22.10526,18.42105
Leza (A),2-14 urte,2011,100,76.19048,14.28571,9.52381
Leza (A),15-34 urte,2011,100,45,27.5,27.5
Leza (A),35-64 urte,2011,100,16.16162,29.29293,54.54545
Leza (A),>64 urte,2011,100,5,8.33333,86.66667
Lezama (B),2-14 urte,2011,100,84.82143,13.69048,1.4881
Lezama (B),15-34 urte,2011,100,66.85714,21.52381,11.61905
Lezama (B),35-64 urte,2011,100,48.66548,30.33808,20.99644
Lezama (B),>64 urte,2011,100,75.32468,8.57143,16.1039
Lezo (G),2-14 urte,2011,100,88.53503,9.42675,2.03822
Lezo (G),15-34 urte,2011,100,73.46521,17.46248,9.07231
Lezo (G),35-64 urte,2011,100,40.66901,34.47183,24.85915
Lezo (G),>64 urte,2011,100,52.27848,13.29114,34.43038
Leitza (NG),2-14 urte,2001,"100,0","96,7","2,0","1,3"
Leitza (NG),15-34 urte,2001,"100,0","93,6","3,0","3,4"
Leitza (NG),35-64 urte,2001,"100,0","87,7","5,0","7,3"
Leitza (NG),>64 urte,2001,"100,0","91,6","3,2","5,1"
Lizarra (NG),5-14 urte,2011,100,22.84839,19.82083,53.84884
Lizarra (NG),15-34 urte,2011,100,30.8719,13.31434,55.33927
Lizarra (NG),35-64 urte,2011,100,7.92544,11.19267,78.72702
Lizarra (NG),>64 urte,2011,100,2.02277,6.45719,89.09213
Lizartza (G),2-14 urte,2011,100,90.66667,2.66667,6.66667
Lizartza (G),15-34 urte,2011,100,79.85612,7.91367,12.23022
Lizartza (G),35-64 urte,2011,100,76.97368,12.5,10.52632
Lizartza (G),>64 urte,2011,100,94.44444,3.7037,1.85185
Loiu (B),2-14 urte,2011,100,74.5583,20.14134,5.30035
Loiu (B),15-34 urte,2011,100,54.06872,26.58228,19.34901
Loiu (B),35-64 urte,2011,100,33.62659,36.85239,29.52102
Loiu (B),>64 urte,2011,100,45.80777,17.79141,36.40082
Mallabia (B),2-14 urte,2011,100,89.07563,10.08403,0.84034
Mallabia (B),15-34 urte,2011,100,78.54406,13.02682,8.42912
Mallabia (B),35-64 urte,2011,100,58.24373,27.77778,13.97849
Mallabia (B),>64 urte,2011,100,76.81159,7.24638,15.94203
Markin-Etxebarria (B),2-14 urte,2011,100,91.86047,6.97674,1.16279
Markin-Etxebarria (B),15-34 urte,2011,100,85.5615,3.74332,10.69519
Markin-Etxebarria (B),35-64 urte,2011,100,84.86842,9.21053,5.92105
Markin-Etxebarria (B),>64 urte,2011,100,93.52518,4.31655,2.15827
Markina-Xemein (B),2-14 urte,2011,100,88.82979,5.85106,5.31915
Markina-Xemein (B),15-34 urte,2011,100,76.57192,8.61326,14.81481
Markina-Xemein (B),35-64 urte,2011,100,75.42533,12.05104,12.52363
Markina-Xemein (B),>64 urte,2011,100,82.7699,10.25082,6.97928
Maruri-Jatabe (B),2-14 urte,2011,100,82.25806,16.12903,1.6129
Maruri-Jatabe (B),15-34 urte,2011,100,74.60317,14.81481,10.58201
Maruri-Jatabe (B),35-64 urte,2011,100,48.24561,29.60526,22.14912
Maruri-Jatabe (B),>64 urte,2011,100,71.875,13.75,14.375
MaÃ±aria (B),2-14 urte,2011,100,90.69767,4.65116,4.65116
MaÃ±aria (B),15-34 urte,2011,100,79.52756,7.08661,13.38583
MaÃ±aria (B),35-64 urte,2011,100,74.78632,15.38462,9.82906
MaÃ±aria (B),>64 urte,2011,100,93.33333,2.22222,4.44444
MaÃ±ueta (A),2-14 urte,2011,100,55.26316,28.94737,15.78947
MaÃ±ueta (A),15-34 urte,2011,100,57.89474,21.05263,21.05263
MaÃ±ueta (A),35-64 urte,2011,100,3.67647,27.20588,69.11765
MaÃ±ueta (A),>64 urte,2011,100,0,5.88235,94.11765
Mendaro (G),2-14 urte,2011,100,85.06494,11.36364,3.57143
Mendaro (G),15-34 urte,2011,100,73.68421,17.94258,8.37321
Mendaro (G),35-64 urte,2011,100,60.30624,29.79976,9.89399
Mendaro (G),>64 urte,2011,100,70.09967,4.98339,24.91694
Mendata (B),2-14 urte,2011,100,92.72727,3.63636,3.63636
Mendata (B),15-34 urte,2011,100,94.11765,5.88235,0
Mendata (B),35-64 urte,2011,100,78.88889,15,6.11111
Mendata (B),>64 urte,2011,100,91.02564,6.41026,2.5641
Mendexa (B),2-14 urte,2011,100,88.70968,11.29032,0
Mendexa (B),15-34 urte,2011,100,93.42105,2.63158,3.94737
Mendexa (B),35-64 urte,2011,100,78.07018,14.03509,7.89474
Mendexa (B),>64 urte,2011,100,89.02439,3.65854,7.31707
MeÃ±aka (B),2-14 urte,2011,100,83.52941,14.11765,2.35294
MeÃ±aka (B),15-34 urte,2011,100,82.57576,11.36364,6.06061
MeÃ±aka (B),35-64 urte,2011,100,68.80223,20.05571,11.14206
MeÃ±aka (B),>64 urte,2011,100,80.74074,9.62963,9.62963
Moreda de Alava (A),2-14 urte,2011,100,80,15,5
Moreda de Alava (A),15-34 urte,2011,100,43.39623,22.64151,33.96226
Moreda de Alava (A),35-64 urte,2011,100,5.6,15.2,79.2
Moreda de Alava (A),>64 urte,2011,100,0,6.25,93.75
Morga (B),2-14 urte,2011,100,88.23529,5.88235,5.88235
Morga (B),15-34 urte,2011,100,83.56164,6.84932,9.58904
Morga (B),35-64 urte,2011,100,79.20792,14.35644,6.43564
Morga (B),>64 urte,2011,100,91.30435,5.43478,3.26087
Mundaka (B),2-14 urte,2011,100,88.35979,10.05291,1.5873
Mundaka (B),15-34 urte,2011,100,78.44612,9.77444,11.77945
Mundaka (B),35-64 urte,2011,100,55.4535,33.06544,11.48106
Mundaka (B),>64 urte,2011,100,66.90647,20.86331,12.23022
Mungia (B),2-14 urte,2011,100,78.52156,15.68789,5.79055
Mungia (B),15-34 urte,2011,100,58.10745,23.2575,18.63504
Mungia (B),35-64 urte,2011,100,41.55582,30.67312,27.77106
Mungia (B),>64 urte,2011,100,55.27039,14.52796,30.20165
Munitibar-Arbatzegi-Gerrikaitz (B),2-14 urte,2011,100,97.77778,2.22222,0
Munitibar-Arbatzegi-Gerrikaitz (B),15-34 urte,2011,100,95.18072,3.61446,1.20482
Munitibar-Arbatzegi-Gerrikaitz (B),35-64 urte,2011,100,83.88626,10.42654,5.6872
Munitibar-Arbatzegi-Gerrikaitz (B),>64 urte,2011,100,95.45455,1.13636,3.40909
Murueta (B),2-14 urte,2011,100,100,0,0
Murueta (B),15-34 urte,2011,100,89.65517,5.17241,5.17241
Murueta (B),35-64 urte,2011,100,75.35211,18.30986,6.33803
Murueta (B),>64 urte,2011,100,87.5,2.5,10
Muskiz (B),2-14 urte,2011,100,72.01365,21.843,6.14334
Muskiz (B),15-34 urte,2011,100,38.45736,41.44487,20.09777
Muskiz (B),35-64 urte,2011,100,11.31043,33.65765,55.03192
Muskiz (B),>64 urte,2011,100,1.73267,8.9934,89.27393
Mutiloa (G),2-14 urte,2011,100,84.44444,11.11111,4.44444
Mutiloa (G),15-34 urte,2011,100,88.23529,11.76471,0
Mutiloa (G),35-64 urte,2011,100,73.68421,17.89474,8.42105
Mutiloa (G),>64 urte,2011,100,92.68293,7.31707,0
Mutriku (G),2-14 urte,2011,100,89.07015,8.15661,2.77325
Mutriku (G),15-34 urte,2011,100,81.81019,7.90861,10.2812
Mutriku (G),35-64 urte,2011,100,77.66051,14.37995,7.95954
Mutriku (G),>64 urte,2011,100,81.09339,7.0615,11.8451
Muxika (B),2-14 urte,2011,100,89.94083,8.87574,1.18343
Muxika (B),15-34 urte,2011,100,86.14232,8.98876,4.86891
Muxika (B),35-64 urte,2011,100,82.22892,11.59639,6.1747
Muxika (B),>64 urte,2011,100,93.92971,1.27796,4.79233
Nabarniz (B),2-14 urte,2011,100,100,0,0
Nabarniz (B),15-34 urte,2011,100,96.9697,3.0303,0
Nabarniz (B),35-64 urte,2011,100,83.19328,14.28571,2.52101
Nabarniz (B),>64 urte,2011,100,88.88889,8.88889,2.22222
Navaridas (A),2-14 urte,2011,100,50,50,0
Navaridas (A),15-34 urte,2011,100,33.92857,26.78571,39.28571
Navaridas (A),35-64 urte,2011,100,4.25532,14.89362,80.85106
Navaridas (A),>64 urte,2011,100,1.96078,3.92157,94.11765
Oiartzun (G),2-14 urte,2011,100,90.28853,7.60028,2.11119
Oiartzun (G),15-34 urte,2011,100,82.51685,9.88764,7.59551
Oiartzun (G),35-64 urte,2011,100,65.0142,22.97445,12.01136
Oiartzun (G),>64 urte,2011,100,72.68608,11.77994,15.53398
Oion (A),2-14 urte,2011,100,39.78495,38.35125,21.8638
Oion (A),15-34 urte,2011,100,22.82051,23.58974,53.58974
Oion (A),35-64 urte,2011,100,8.29128,19.46647,72.24225
Oion (A),>64 urte,2011,100,2.61569,9.25553,88.12877
Okondo (A),2-14 urte,2011,100,80.66667,14,5.33333
Okondo (A),15-34 urte,2011,100,51.32075,34.33962,14.33962
Okondo (A),35-64 urte,2011,100,14.60674,36.89139,48.50187
Okondo (A),>64 urte,2011,100,6.47059,11.17647,82.35294
Olaberria (G),2-14 urte,2011,100,87.87879,9.09091,3.0303
Olaberria (G),15-34 urte,2011,100,79.24528,12.57862,8.1761
Olaberria (G),35-64 urte,2011,100,45.26854,32.99233,21.73913
Olaberria (G),>64 urte,2011,100,37.5,14.39394,48.10606
Ondarroa (B),2-14 urte,2011,100,91.93182,5,3.06818
Ondarroa (B),15-34 urte,2011,100,81.54667,9.17333,9.28
Ondarroa (B),35-64 urte,2011,100,73.68555,13.52731,12.78714
Ondarroa (B),>64 urte,2011,100,82.01251,6.25652,11.73097
Ordizia (G),2-14 urte,2011,100,84.76118,10.15921,5.07961
Ordizia (G),15-34 urte,2011,100,65.87719,16.09649,18.02632
Ordizia (G),35-64 urte,2011,100,48.10838,29.21779,22.67382
Ordizia (G),>64 urte,2011,100,45.3125,16.84028,37.84722
Orendain (G),2-14 urte,2011,100,100,0,0
Orendain (G),15-34 urte,2011,100,93.10345,3.44828,3.44828
Orendain (G),35-64 urte,2011,100,82.27848,12.65823,5.06329
Orendain (G),>64 urte,2011,100,94.44444,5.55556,0
Orexa (G),2-14 urte,2011,100,95,5,0
Orexa (G),15-34 urte,2011,100,100,0,0
Orexa (G),35-64 urte,2011,100,92.85714,3.57143,3.57143
Orexa (G),>64 urte,2011,100,100,0,0
Orio (G),2-14 urte,2011,100,89.68668,8.09399,2.21932
Orio (G),15-34 urte,2011,100,79.80769,8.17308,12.01923
Orio (G),35-64 urte,2011,100,71.47722,18.81652,9.70626
Orio (G),>64 urte,2011,100,73.34152,10.19656,16.46192
Ormaiztegi (G),2-14 urte,2011,100,91.57303,7.30337,1.1236
Ormaiztegi (G),15-34 urte,2011,100,77.05882,8.52941,14.41176
Ormaiztegi (G),35-64 urte,2011,100,66.05505,18.7156,15.22936
Ormaiztegi (G),>64 urte,2011,100,64.64646,13.63636,21.71717
Orozko (B),2-14 urte,2011,100,87.23404,6.64894,6.11702
Orozko (B),15-34 urte,2011,100,63.83442,19.60784,16.55773
Orozko (B),35-64 urte,2011,100,43.96552,35.17241,20.86207
Orozko (B),>64 urte,2011,100,68.15287,15.07431,16.77282
Ortuella (B),2-14 urte,2011,100,77.31629,17.67838,5.00532
Ortuella (B),15-34 urte,2011,100,41.95914,38.81613,19.22472
Ortuella (B),35-64 urte,2011,100,7.6324,32.19107,60.17653
Ortuella (B),>64 urte,2011,100,1.51216,8.15253,90.33531
Otxandio (B),2-14 urte,2011,100,82.2695,13.47518,4.25532
Otxandio (B),15-34 urte,2011,100,77.40864,13.28904,9.30233
Otxandio (B),35-64 urte,2011,100,58.41035,20.33272,21.25693
Otxandio (B),>64 urte,2011,100,72.54902,7.84314,19.60784
OÃ±ati (G),2-14 urte,2011,100,90.86792,6.18868,2.9434
OÃ±ati (G),15-34 urte,2011,100,84.31049,7.43187,8.25764
OÃ±ati (G),35-64 urte,2011,100,66.46934,21.62791,11.90275
OÃ±ati (G),>64 urte,2011,100,71.48741,9.24485,19.26773
Pasaia (G),2-14 urte,2011,100,84.23015,11.88066,3.88918
Pasaia (G),15-34 urte,2011,100,55.76471,26.26471,17.97059
Pasaia (G),35-64 urte,2011,100,25.16028,37.6122,37.22753
Pasaia (G),>64 urte,2011,100,22.28356,19.95933,57.75712
Plentzia (B),2-14 urte,2011,100,80.23451,15.74539,4.0201
Plentzia (B),15-34 urte,2011,100,50.05118,33.16274,16.78608
Plentzia (B),35-64 urte,2011,100,21.78932,40.35594,37.85474
Plentzia (B),>64 urte,2011,100,22.44582,30.18576,47.36842
Portugalete (B),2-14 urte,2011,100,73.71588,20.95422,5.32989
Portugalete (B),15-34 urte,2011,100,37.22613,39.81362,22.96025
Portugalete (B),35-64 urte,2011,100,9.01814,31.8903,59.09155
Portugalete (B),>64 urte,2011,100,2.20035,10.41686,87.38279
Samaniego (A),2-14 urte,2011,100,94.11765,5.88235,0
Samaniego (A),15-34 urte,2011,100,39.24051,34.17722,26.58228
Samaniego (A),35-64 urte,2011,100,11.53846,27.69231,60.76923
Samaniego (A),>64 urte,2011,100,9.58904,9.58904,80.82192
San AdriÃ¡n (NG),5-14 urte,2011,100,0,11.9614,86.63858
San AdriÃ¡n (NG),15-34 urte,2011,100,0.99303,10.00791,87.53062
San AdriÃ¡n (NG),35-64 urte,2011,100,0,1.82052,97.04457
San AdriÃ¡n (NG),>64 urte,2011,100,0,1.7142,97.44718
Santurtzi (B),2-14 urte,2011,100,66.64677,26.32836,7.02488
Santurtzi (B),15-34 urte,2011,100,35.29017,40.89255,23.81728
Santurtzi (B),35-64 urte,2011,100,8.88139,32.08515,59.03345
Santurtzi (B),>64 urte,2011,100,1.91542,10.13666,87.94792
Segura (G),2-14 urte,2011,100,86.84211,6.31579,6.84211
Segura (G),15-34 urte,2011,100,80.81081,11.08108,8.10811
Segura (G),35-64 urte,2011,100,75.25424,13.72881,11.01695
Segura (G),>64 urte,2011,100,86.48649,4.6332,8.88031
Sestao (B),2-14 urte,2011,100,72.19858,22.9078,4.89362
Sestao (B),15-34 urte,2011,100,33.46774,38.08065,28.45161
Sestao (B),35-64 urte,2011,100,7.89939,30.84217,61.25844
Sestao (B),>64 urte,2011,100,1.49301,10.48248,88.02452
Sondika (B),2-14 urte,2011,100,80.58252,16.50485,2.91262
Sondika (B),15-34 urte,2011,100,52.07852,30.71594,17.20554
Sondika (B),35-64 urte,2011,100,22.88223,38.4814,38.63636
Sondika (B),>64 urte,2011,100,33.47548,18.01706,48.50746
Sopela (B),2-14 urte,2011,100,78.66587,17.54808,3.78606
Sopela (B),15-34 urte,2011,100,57.68854,29.93797,12.37349
Sopela (B),35-64 urte,2011,100,26.37747,40.40581,33.21672
Sopela (B),>64 urte,2011,100,25.96226,26.03774,48
"Sopuerta, Garape (B)",2-14 urte,2011,100,70.47244,25.98425,3.54331
"Sopuerta, Garape (B)",15-34 urte,2011,100,38.88889,38.54167,22.56944
"Sopuerta, Garape (B)",35-64 urte,2011,100,10.54422,31.71769,57.7381
"Sopuerta, Garape (B)",>64 urte,2011,100,2.01207,11.87123,86.1167
Soraluze (G),2-14 urte,2011,100,87.52887,9.00693,3.4642
Soraluze (G),15-34 urte,2011,100,67.66334,16.05759,16.27907
Soraluze (G),35-64 urte,2011,100,45.34606,29.83294,24.821
Soraluze (G),>64 urte,2011,100,52.26438,13.58629,34.14933
Sukarrieta (B),2-14 urte,2011,100,89.18919,5.40541,5.40541
Sukarrieta (B),15-34 urte,2011,100,77.35849,13.20755,9.43396
Sukarrieta (B),35-64 urte,2011,100,53.45912,34.59119,11.94969
Sukarrieta (B),>64 urte,2011,100,70.58824,12.94118,16.47059
Tafalla (NG),5-14 urte,2011,100,25.18202,30.2185,40.70587
Tafalla (NG),15-34 urte,2011,100,18.60579,16.20963,64.48056
Tafalla (NG),35-64 urte,2011,100,2.50868,12.34063,84.07988
Tafalla (NG),>64 urte,2011,100,1.18063,3.92964,93.58357
Tolosa (G),2-14 urte,2011,100,89.3481,8.09544,2.55646
Tolosa (G),15-34 urte,2011,100,80.58376,9.74619,9.67005
Tolosa (G),35-64 urte,2011,100,57.93293,26.96446,15.1026
Tolosa (G),>64 urte,2011,100,53.18849,19.44131,27.3702
Trapagaran (B),2-14 urte,2011,100,72.91667,22.0546,5.02874
Trapagaran (B),15-34 urte,2011,100,43.61618,37.27201,19.11182
Trapagaran (B),35-64 urte,2011,100,8.57194,31.63792,59.79015
Trapagaran (B),>64 urte,2011,100,1.25324,11.62489,87.12187
Turtzioz (B),2-14 urte,2011,100,82.05128,12.82051,5.12821
Turtzioz (B),15-34 urte,2011,100,32.57576,37.87879,29.54545
Turtzioz (B),35-64 urte,2011,100,6.17284,20.57613,73.25103
Turtzioz (B),>64 urte,2011,100,2.47934,17.35537,80.16529
Tutera (NG),5-14 urte,2011,100,8.4198,7.35977,81.91062
Tutera (NG),15-34 urte,2011,100,3.40777,3.20368,92.47485
Tutera (NG),35-64 urte,2011,100,1.29758,4.78495,93.10446
Tutera (NG),>64 urte,2011,100,1.0832,2.93429,95.23907
Ubide (B),2-14 urte,2011,100,100,0,0
Ubide (B),15-34 urte,2011,100,86.36364,2.27273,11.36364
Ubide (B),35-64 urte,2011,100,50.5618,24.7191,24.7191
Ubide (B),>64 urte,2011,100,67.64706,23.52941,8.82353
Ugao (B),2-14 urte,2011,100,86.87783,11.31222,1.80995
Ugao (B),15-34 urte,2011,100,51.76715,33.47193,14.76091
Ugao (B),35-64 urte,2011,100,21.49123,34.26535,44.24342
Ugao (B),>64 urte,2011,100,27.48948,18.65358,53.85694
Uharte Eguesibar (NG),5-14 urte,2011,100,41.728,16.64631,37.93832
Uharte Eguesibar (NG),15-34 urte,2011,100,25.37475,15.88088,58.04618
Uharte Eguesibar (NG),35-64 urte,2011,100,9.97872,13.63443,74.76624
Uharte Eguesibar (NG),>64 urte,2011,100,8.06436,8.25225,78.66774
Urduliz (B),2-14 urte,2011,100,76.00897,17.93722,6.05381
Urduliz (B),15-34 urte,2011,100,59.88439,29.59538,10.52023
Urduliz (B),35-64 urte,2011,100,32.19833,39.42652,28.37515
Urduliz (B),>64 urte,2011,100,48.87218,12.21805,38.90977
UrduÃ±a (B),2-14 urte,2011,100,74.61024,21.60356,3.78619
UrduÃ±a (B),15-34 urte,2011,100,46.98672,32.99285,20.02043
UrduÃ±a (B),35-64 urte,2011,100,9.74826,34.92234,55.32941
UrduÃ±a (B),>64 urte,2011,100,2.30179,14.70588,82.99233
Urizaharra (A),2-14 urte,2011,100,100,0,0
Urizaharra (A),15-34 urte,2011,100,29.54545,34.09091,36.36364
Urizaharra (A),35-64 urte,2011,100,11.68831,20.77922,67.53247
Urizaharra (A),>64 urte,2011,100,2.94118,8.82353,88.23529
Urkabustaiz (A),2-14 urte,2011,100,79.41176,13.72549,6.86275
Urkabustaiz (A),15-34 urte,2011,100,46.22951,26.22951,27.54098
Urkabustaiz (A),35-64 urte,2011,100,17.74194,32.41935,49.83871
Urkabustaiz (A),>64 urte,2011,100,8,7.42857,84.57143
Urnieta (G),2-14 urte,2011,100,91.05368,7.35586,1.59046
Urnieta (G),15-34 urte,2011,100,73.83041,17.61696,8.55263
Urnieta (G),35-64 urte,2011,100,42.68034,33.38048,23.93918
Urnieta (G),>64 urte,2011,100,42.87617,17.57656,39.54727
Urretxu (G),2-14 urte,2011,100,90.49545,7.07786,2.42669
Urretxu (G),15-34 urte,2011,100,77.16312,11.98582,10.85106
Urretxu (G),35-64 urte,2011,100,43.67589,33.72859,22.59552
Urretxu (G),>64 urte,2011,100,39.42457,20.37325,40.20218
Usurbil (G),2-14 urte,2011,100,87.38532,8.37156,4.24312
Usurbil (G),15-34 urte,2011,100,81.08712,11.91363,6.99926
Usurbil (G),35-64 urte,2011,100,61.54696,24.05157,14.40147
Usurbil (G),>64 urte,2011,100,60.71044,10.76426,28.5253
Villabona-Amasa (G),2-14 urte,2011,100,88.22816,7.52427,4.24757
Villabona-Amasa (G),15-34 urte,2011,100,74.03774,13.50943,12.45283
Villabona-Amasa (G),35-64 urte,2011,100,57.19396,25.15898,17.64706
Villabona-Amasa (G),>64 urte,2011,100,61.86349,12.026,26.11051
Villabuena de Alava (A),2-14 urte,2011,100,76.66667,16.66667,6.66667
Villabuena de Alava (A),15-34 urte,2011,100,51.51515,28.78788,19.69697
Villabuena de Alava (A),35-64 urte,2011,100,12.40876,22.62774,64.9635
Villabuena de Alava (A),>64 urte,2011,100,2.08333,10.41667,87.5
Zaldibar (B),2-14 urte,2011,100,81.61994,14.01869,4.36137
Zaldibar (B),15-34 urte,2011,100,62.69841,24.33862,12.96296
Zaldibar (B),35-64 urte,2011,100,32.70958,31.06287,36.22754
Zaldibar (B),>64 urte,2011,100,47.64706,10.78431,41.56863
Zaldibia (G),2-14 urte,2011,100,96.02273,1.13636,2.84091
Zaldibia (G),15-34 urte,2011,100,79.66574,8.6351,11.69916
Zaldibia (G),35-64 urte,2011,100,78.33595,10.83203,10.83203
Zaldibia (G),>64 urte,2011,100,83.33333,6.12245,10.54422
Zalduondo (A),2-14 urte,2011,100,85.71429,14.28571,0
Zalduondo (A),15-34 urte,2011,100,79.16667,8.33333,12.5
Zalduondo (A),35-64 urte,2011,100,23.80952,32.38095,43.80952
Zalduondo (A),>64 urte,2011,100,3.33333,3.33333,93.33333
Zalla (B),2-14 urte,2011,100,78.2516,17.80384,3.94456
Zalla (B),15-34 urte,2011,100,41.15403,37.9113,20.93467
Zalla (B),35-64 urte,2011,100,10.01059,30.79979,59.18962
Zalla (B),>64 urte,2011,100,1.3463,11.59312,87.06058
Zamudio (B),2-14 urte,2011,100,81.01604,15.24064,3.74332
Zamudio (B),15-34 urte,2011,100,55.15759,27.22063,17.62178
Zamudio (B),35-64 urte,2011,100,35.39519,31.20275,33.40206
Zamudio (B),>64 urte,2011,100,42.68908,11.59664,45.71429
Zanbrana (A),2-14 urte,2011,100,33.33333,48.88889,17.77778
Zanbrana (A),15-34 urte,2011,100,20.65217,27.17391,52.17391
Zanbrana (A),35-64 urte,2011,100,7.88177,18.71921,73.39901
Zanbrana (A),>64 urte,2011,100,2.32558,8.13953,89.53488
Zangoza (NG),5-14 urte,2011,100,38.07543,39.55709,22.36748
Zangoza (NG),15-34 urte,2011,100,24.67163,8.08614,67.24223
Zangoza (NG),35-64 urte,2011,100,2.92584,10.52894,85.64343
Zangoza (NG),>64 urte,2011,100,1.7089,8.2235,89.39455
Zaratamo (B),2-14 urte,2011,100,84,15,1
Zaratamo (B),15-34 urte,2011,100,50.92838,31.56499,17.50663
Zaratamo (B),35-64 urte,2011,100,24.90066,32.18543,42.91391
Zaratamo (B),>64 urte,2011,100,35.03401,9.86395,55.10204
Zarautz (G),2-14 urte,2011,100,89.73792,7.70445,2.55763
Zarautz (G),15-34 urte,2011,100,77.71863,10.45627,11.8251
Zarautz (G),35-64 urte,2011,100,62.17794,24.30556,13.51651
Zarautz (G),>64 urte,2011,100,63.0575,14.58626,22.35624
Zeanuri (B),2-14 urte,2011,100,92.12121,4.24242,3.63636
Zeanuri (B),15-34 urte,2011,100,81.42292,7.50988,11.06719
Zeanuri (B),35-64 urte,2011,100,68.60841,16.99029,14.40129
Zeanuri (B),>64 urte,2011,100,90,2.91667,7.08333
Zeberio (B),2-14 urte,2011,100,86.44068,12.71186,0.84746
Zeberio (B),15-34 urte,2011,100,75.25253,18.68687,6.06061
Zeberio (B),35-64 urte,2011,100,59.1195,26.41509,14.46541
Zeberio (B),>64 urte,2011,100,81.70213,4.68085,13.61702
Zegama (G),2-14 urte,2011,100,90.38462,7.69231,1.92308
Zegama (G),15-34 urte,2011,100,83.16832,5.69307,11.13861
Zegama (G),35-64 urte,2011,100,79.87897,11.49773,8.6233
Zegama (G),>64 urte,2011,100,88.63636,7.57576,3.78788
Zerain (G),2-14 urte,2011,100,96.15385,3.84615,0
Zerain (G),15-34 urte,2011,100,89.47368,3.50877,7.01754
Zerain (G),35-64 urte,2011,100,89.83051,3.38983,6.77966
Zerain (G),>64 urte,2011,100,92.30769,3.84615,3.84615
Zestoa (G),2-14 urte,2011,100,90.79229,7.49465,1.71306
Zestoa (G),15-34 urte,2011,100,79.93311,10.14493,9.92196
Zestoa (G),35-64 urte,2011,100,77.83712,13.01736,9.14553
Zestoa (G),>64 urte,2011,100,84.01254,3.9185,12.06897
Zierbena (B),2-14 urte,2011,100,87.12121,6.81818,6.06061
Zierbena (B),15-34 urte,2011,100,43.66577,38.81402,17.52022
Zierbena (B),35-64 urte,2011,100,11.27379,36.74963,51.97657
Zierbena (B),>64 urte,2011,100,4.16667,10.83333,85
Zigoitia (A),2-14 urte,2011,100,75.32468,17.31602,7.35931
Zigoitia (A),15-34 urte,2011,100,56.231,29.17933,14.58967
Zigoitia (A),35-64 urte,2011,100,19.21824,32.89902,47.88274
Zigoitia (A),>64 urte,2011,100,7.17489,8.07175,84.75336
Ziortza-Bolibar (B),2-14 urte,2011,100,91.42857,5.71429,2.85714
Ziortza-Bolibar (B),15-34 urte,2011,100,90,5,5
Ziortza-Bolibar (B),35-64 urte,2011,100,89.63731,6.21762,4.14508
Ziortza-Bolibar (B),>64 urte,2011,100,93.39623,1.88679,4.71698
Zizur Nagusia (NG),5-14 urte,2011,100,38.56308,21.18681,38.61217
Zizur Nagusia (NG),15-34 urte,2011,100,25.34299,10.11362,62.61165
Zizur Nagusia (NG),35-64 urte,2011,100,7.70647,12.35273,78.95699
Zizur Nagusia (NG),>64 urte,2011,100,7.07735,2.76678,84.69706
Zizurkil (G),2-14 urte,2011,100,92.06349,5.82011,2.1164
Zizurkil (G),15-34 urte,2011,100,80.46512,9.76744,9.76744
Zizurkil (G),35-64 urte,2011,100,55.82524,25,19.17476
Zizurkil (G),>64 urte,2011,100,61.69772,13.04348,25.2588
Zornotza (B),2-14 urte,2011,100,85.15381,10.43246,4.41373
Zornotza (B),15-34 urte,2011,100,61.67858,21.0053,17.31612
Zornotza (B),35-64 urte,2011,100,41.72635,30.09172,28.18193
Zornotza (B),>64 urte,2011,100,46.0881,14.95726,38.95464
Zuia (A),2-14 urte,2011,100,75.66964,19.86607,4.46429
Zuia (A),15-34 urte,2011,100,50.60827,33.81995,15.57178
Zuia (A),35-64 urte,2011,100,15.95298,33.50126,50.54576
Zuia (A),>64 urte,2011,100,5.6338,14.3662,80
Zumaia (G),2-14 urte,2011,100,90.17991,7.1964,2.62369
Zumaia (G),15-34 urte,2011,100,81.99217,11.26577,6.74206
Zumaia (G),35-64 urte,2011,100,62.3075,22.63505,15.05744
Zumaia (G),>64 urte,2011,100,63.73239,11.61972,24.64789
Zumarraga (G),2-14 urte,2011,100,86.90068,9.50342,3.59589
Zumarraga (G),15-34 urte,2011,100,65.18484,20.63641,14.17876
Zumarraga (G),35-64 urte,2011,100,32.10112,33.34128,34.5576
Zumarraga (G),>64 urte,2011,100,30.63849,13.68856,55.67294
